shape_aspect_ratio,shape_circularity,shape_solidity,shape_extent,shape_eccentricity,shape_hu_1,shape_hu_2,shape_hu_3,color_h_mean,color_h_std,color_s_mean,color_s_std,color_v_mean,color_v_std,color_l_mean,color_l_std,color_a_mean,color_a_std,color_b_mean,color_b_std,color_r_mean,color_r_std,color_g_mean,color_g_std,color_b_rgb_mean,color_b_rgb_std,full_color_h_mean,full_color_h_std,full_color_s_mean,full_color_s_std,full_color_v_mean,full_color_v_std,full_color_l_mean,full_color_l_std,full_color_a_mean,full_color_a_std,full_color_b_mean,full_color_b_std,full_color_r_mean,full_color_r_std,full_color_g_mean,full_color_g_std,full_color_b_rgb_mean,full_color_b_rgb_std,texture_lbp_0,texture_lbp_1,texture_lbp_2,texture_lbp_3,texture_lbp_4,texture_lbp_5,texture_lbp_6,texture_lbp_7,texture_lbp_8,texture_lbp_9,vein_density,vein_thickness,vein_length,vein_branch_points,vein_spread_x,vein_spread_y,color_non_green_percentage,deficiency_interveinal_contrast,deficiency_marginal_vs_central_s,deficiency_marginal_vs_central_v,filename,label
0.7081339712918661,0.5405973731629911,0.8710108853141137,0.5684646967541704,0.7126437752823345,0.759503490942441,2.6943127707040793,4.502800257747901,48.620024768158515,8.54827399036502,112.47082541328264,44.81974308303101,101.81383560854789,40.8590387991677,101.66937388399286,41.87831588959146,111.77394735326305,4.3286575801870955,148.08638615287137,8.094170246550364,79.32058925177121,39.31250267047073,101.76131847243822,40.861446128383555,61.0758164852255,35.990473043680815,34.05264001973847,26.562818947165297,100.94946952874415,69.50863717435087,97.83011349617567,44.878461785799985,96.6973106340982,47.16732989890076,119.68276585245498,10.20426786706843,141.14259807549962,10.561438167987879,84.72494448556624,53.254720702548674,93.74816185541574,41.729020648402646,69.29173451764126,54.15167915739405,0.0075024480156673,0.016660906629802432,0.018590518979321468,0.1379960831749323,0.4459420540291458,0.2528224180634756,0.05338114163930649,0.019771326536489834,0.02352975059040378,0.023803352341454986,0.05088992569552445,5.068416118621826,0.05088992569552445,343.0,0.13589327610146434,0.18798048063015266,0.14330125832716512,2.5561965224743517,-24.963931830785725,4.404796825414408,chlorosis_1.jpg,0
0.9324009324009324,0.2985018010294894,0.7437896136915776,0.47904428904428903,0.4544586143774826,0.705637716650724,2.564877980867005,3.3507693182631613,44.84938828548312,8.000483889915092,119.80132149949739,49.81672751667377,118.56442003579572,50.61168598641644,118.13294677225586,51.31921036792265,110.9408757692402,4.972207855207861,152.49996322357615,9.641491739219267,96.73698727535735,52.38259706827395,118.46858067521514,50.564315537634585,68.56395420109348,42.856832208179014,65.743045083459,53.08600623412785,103.13650702858233,67.98554881141558,98.33790927842199,34.12881142534558,98.60208344166537,36.27621571057227,117.70372488863467,10.301139547480162,144.6766245471721,13.642153682417463,84.03672889258662,39.985406350062384,95.78042396824571,33.09190708057301,63.676104553412024,42.18750102883393,0.01292078358300439,0.026135778556893127,0.03802682227180229,0.17398926128423273,0.36409885502733713,0.23664402873464585,0.06552332851153554,0.024909897761541667,0.024027263588888615,0.03372398068011866,0.07063525142815112,4.538228511810303,0.07063525142815112,827.0,0.15539388097690626,0.19785932393946704,0.29303381692753017,4.148737051182451,-15.303225491985174,-0.8845411321699004,chlorosis_2.jpg,0
0.9846491228070176,0.5400801714279618,0.9055240174672489,0.6076808111593014,0.4102918350933881,0.7730436910427936,3.309973695755231,3.2780640321334147,44.37026975699576,5.61461705493207,133.804886507196,43.44198924407403,124.98341989447522,54.1619334750186,123.10035587776301,53.93084030843139,107.69038634618401,5.327567221785684,156.8455936387882,9.420099896077529,98.10583854213972,50.795807241560546,124.95234045364093,54.17588230531881,65.23298846493654,40.74198584062589,43.71963132583657,18.56001646391376,141.83262020970852,53.534965977103205,95.80446078536771,40.2586363888765,94.31936471077283,41.59177531586492,110.92760540970565,8.998423401693836,153.09099314111248,12.41189256967967,73.17806589405635,38.13721753228397,94.95423824779434,39.949925727335774,44.64800361220409,31.725361782227058,0.011774517170482788,0.022244424444095814,0.03226845238586728,0.1698139692343261,0.3958417623793442,0.23532520291638112,0.059417549480220294,0.023524263266974377,0.020667332733322875,0.02912252598898513,0.06575894442196699,4.901040077209473,0.06575894442196699,1469.0,0.19981962008307608,0.20172458976076685,0.1320031248432203,2.6951805073866524,-9.818780499637398,-8.254034462713648,chlorosis_3.jpg,0
0.973568281938326,0.3583374716703248,0.8870783058995052,0.6428055295313653,0.35658904619912535,0.7506559692283932,3.314372135380199,3.0727737717444734,51.50199400636533,6.245396478046445,122.30366200236958,47.33973602277857,114.47561117263062,46.203765869208,112.4292960189566,46.65806170530364,106.58558739942852,4.769023451762298,151.1629664619745,7.922355153690643,81.59169718980617,43.76266151697202,114.47402371125239,46.20332371318949,65.50733716905302,40.45466558718429,58.105989193316304,30.218747373397157,126.79295509940387,55.54866997637739,92.79360849264383,31.851778176845947,91.30318914633072,33.39804281544227,109.49205650016151,8.980371253113772,148.42746600886852,10.567955117250916,64.36405015710804,36.166406818770184,92.03901271547294,30.956120158321493,50.538337297741755,35.438971736268975,0.010337858243570782,0.022201228153046763,0.031408504146758866,0.16275738169540876,0.397399660825325,0.23589676080441702,0.06339004313248721,0.02382740810147363,0.023610584108350048,0.0291705707891619,0.06413343968033948,4.748946189880371,0.06413343968033948,1077.0,0.20098937166275135,0.22691804405414928,0.05194109182744544,2.0732093292346434,-37.101142510103244,9.878400114631276,chlorosis_4.jpg,0
1.0649038461538463,0.40802339162424733,0.8823565314249966,0.6275720611217225,0.46733647459448163,0.767774599609441,3.346169733827266,3.197970271440857,39.807470094502236,5.614246091660238,178.78064393184752,60.287414447692214,135.77147955338813,55.43457309195268,132.7719646244597,54.23682055274792,103.75233657002781,9.123019725880969,170.95184803416285,17.2414904237684,106.11586269023881,56.24835017849799,135.71541053470423,55.446353356561346,42.120929950540074,33.47391739856646,39.246646651493876,8.949608122311355,177.65506916533502,73.38633602637915,126.0972753538973,38.28941338386941,124.66261520830307,36.91492910835986,105.06475069810986,10.727448532980212,169.4670072474295,19.42124938026429,98.0892612141462,37.559372050567056,125.97380272141785,38.374973467571536,33.61773441157006,27.811147135849975,0.001914298336032985,0.006834304919140385,0.004105780141536809,0.084783493724393,0.5825616949769158,0.25253146465477666,0.029597997349433074,0.011797621419352604,0.015608894124576646,0.010264450353842023,0.0450682997392743,7.491499900817871,0.0450682997392743,286.0,0.21834258291070577,0.19894065759382715,0.06826949461688703,17.314565177957377,-42.23974406626027,-2.183559163733321,chlorosis_5.jpg,0
0.8451327433628318,0.29436087916205006,0.7800900873042869,0.6574792660890516,0.5424900037661001,0.7351894320580851,2.7885695197137474,4.0714307997584624,40.69179402816104,5.137309186841021,182.13132385197764,61.59380005191136,129.4786227269511,61.11115779674769,126.2809736078681,60.13943414449863,104.54902533078611,7.784214931034762,167.65167515743295,14.505135919467168,100.31259286775631,60.94305999171389,129.47645581263708,61.114113305283574,43.65366518078257,44.627654632866374,39.99240331491713,11.035391638974609,125.91498125493291,78.22635657861842,154.65634865824782,55.7586851364544,153.4262776243094,55.678892024978246,109.51457675611681,11.475781836544279,160.96668639831623,20.46068770339259,132.62392298079453,58.14167768368551,154.5885293343857,55.778876288050455,83.3220122993949,63.11889762691558,0.00498832519634897,0.010949550696950399,0.004112714922521758,0.09041781645793533,0.5441519847166206,0.2617632491332343,0.03455564989740324,0.015743295832448878,0.020864289252105,0.012453123894431473,0.036103445835986694,5.539127349853516,0.036103445835986694,240.0,0.18737181230537955,0.2425768376471362,0.0704419889502762,1.7458296264933608,-42.625761820932226,-16.57978181257613,chlorosis_6.jpg,0
1.0218340611353711,0.6259603782659642,0.9512979590799985,0.6989162281192849,0.5386550348447221,0.785452578459923,3.1250360664191623,3.9235328187025873,60.41155607016423,8.419923373157356,95.76208443131306,42.48258453278811,127.89472038116533,40.01402733985329,126.40317815219996,40.272519870308926,106.97369506774203,3.923152699485643,144.49755117250925,6.177987730585252,90.28647288988262,39.54905208693809,127.89236471558998,40.016449843536805,90.426881205249,45.90822958038196,63.71150172459539,16.044989327366952,90.10403953303263,36.48132480913614,126.45374104537012,32.129943057010124,124.83995091536217,31.079723270403324,108.68582515256035,7.383421417994906,142.66834040859644,9.111401023270796,90.31323958609711,34.088716678119724,125.09286282833642,29.674060057205022,91.75698461130273,42.80273366644709,0.0036266602784210387,0.011199393116665336,0.0074196811200724,0.11076951742127818,0.45156911283238843,0.2913705448641167,0.05613670845644015,0.02205941068434081,0.029798504085815435,0.01605046714046155,0.02903989991748516,4.423892498016357,0.02903989991748516,160.0,0.23506757824915192,0.22822054628688418,0.0032104006367736915,2.622622788332663,2.795748486661111,2.225010799010505,necrosis_1.jpg,1
0.9877300613496932,0.400109556680712,0.856131443809169,0.6225744854712579,0.628187067330401,0.7554986177796201,3.450156714643658,2.9556712211955203,65.72284238360048,12.29061278197938,73.62329625994984,31.42971053932168,109.06067359066623,34.913542883226754,110.02630574637445,35.89400464084473,113.88644231817686,4.381375744592352,136.99854159851705,7.0631216419483165,83.00787127903173,33.62139939622353,108.98581806782248,34.92148298123061,87.73139515865228,38.96378326943679,67.46211605398629,15.629074194117788,79.97534218681396,28.74446947942342,93.19144007992313,23.0402962403436,93.68282098109462,24.146809982837276,114.59102391966962,5.098969407235304,136.07273895807216,7.941385035358871,67.8192057320666,22.08393550238811,92.52506188315697,22.82731309382163,73.56172089264466,28.05530717743964,0.0051316650310762185,0.014454530585541381,0.012171518918329518,0.11931632319267256,0.41247546614327774,0.2879934031185258,0.062472740159197473,0.02753243921055501,0.038545414894777016,0.019906498746047323,0.0321529822265838,4.505974292755127,0.0321529822265838,303.0,0.24115168932828823,0.24812079699791795,0.06627383853745761,15.835244787233876,1.4894199090921063,-6.3112637645275385,necrosis_2.jpg,1
0.9479166666666666,0.5372594410290847,0.9509342299873146,0.7860141941391942,0.53207453146538,0.7867305123355055,3.123007119497734,4.200641783317033,72.95188372093023,7.656288565037916,88.66460465116279,22.817090661148022,131.115488372093,32.13846513923275,130.0329011627907,31.96230272399759,107.96278488372093,3.1943616624404276,136.30819186046512,5.0165806811643545,88.51590697674419,33.482175792581046,131.11122674418604,32.14234375916461,107.39833139534883,32.75541550477077,72.6970861571016,8.962087806177008,87.148734665866,19.7671991615454,130.37475050756342,31.500216684325842,129.48752966743874,30.824830179673814,108.24773669611965,3.835103429003937,136.23832890108946,5.124408122311705,88.49593663321038,35.17471036323868,130.3351348259987,31.512030652271,106.80929913356782,30.728265340076558,0.006866279069767442,0.01958139534883721,0.020848837209302324,0.1448139534883721,0.3584127906976744,0.27555232558139536,0.07563372093023256,0.030790697674418603,0.03830813953488372,0.02919186046511628,0.02466860465116279,3.964958429336548,0.02466860465116279,234.0,0.2528628989410629,0.2657299326305078,0.016327814474850544,15.997013271256492,-9.887488880755214,15.494626058606428,necrosis_3.jpg,1
1.1420765027322404,0.2464078657654685,0.8424388450653072,0.6216337229063718,0.5370889830112937,0.7298819582574108,2.6075555137774145,2.9121444807317314,32.30917324839384,3.6594062175695337,89.08527534912947,23.577150716805885,132.7250192305609,40.616886419601926,136.24952059024278,39.97171623995884,119.10341166401231,3.988955532397533,151.01082328468814,5.588469940770761,127.74060952752409,37.78232777620626,132.05869925569604,41.09217941534837,88.45826155729624,34.20349537895466,39.590432881269535,39.76114431810562,75.91157927213705,27.650070071673237,117.10212349256174,40.27385487849569,117.70949199833662,41.565560636165195,124.2933585523227,7.158127045934343,143.32666639837956,11.005440017547398,113.59799187090023,38.29542730356604,111.66961111781829,41.00727585521461,84.397796021302,38.90881595514096,0.019100551456647272,0.036846838062426196,0.05823338858733925,0.19276064181319813,0.27288978450937695,0.21263041570513863,0.08605540568357872,0.03772440168578889,0.03349909535107962,0.050259477145426376,0.07760479301416019,3.514967441558838,0.07760479301416019,1344.0,0.20854938529129197,0.16968448256673757,0.380920761398849,1.8312434145751553,-8.597036466180427,-10.692062909879965,necrosis_4.jpg,1
0.9384288747346072,0.45176699610919985,0.9239144012173242,0.7816405837200142,0.2708898808395834,0.776003736098096,4.020362784905577,3.8517957104344336,70.80749723689058,9.517945151572857,65.96434360800687,20.720409738542674,107.17569077735479,25.353750673518796,108.8903475377625,26.333970310269535,114.89172909247206,2.7747987161794394,134.1826660935773,4.875877301275435,81.46024806582341,24.947497324985683,107.14525359204225,25.35600044267901,90.83285644111507,27.748081570729337,72.11229753181642,12.887191513852594,69.9897681257231,20.44641207855482,96.11806425954492,20.92826983648999,97.32303316621673,21.0548840496099,115.59890811801003,4.177994844560714,133.63149585422292,5.665911287896428,71.41530683571153,21.494897560324777,95.52513377362129,19.73259049261176,80.75727318742769,23.60466060287483,0.00401571902247329,0.013232223996070245,0.008590200171926809,0.12194522903106964,0.4290433501166646,0.28744934299398256,0.06095419378607393,0.02497236890580867,0.032082770477710916,0.01771460149821933,0.028306520938229152,4.32057523727417,0.028306520938229152,273.0,0.23015074554655623,0.24985768366728356,0.0186318935595835,3.0727656218350745,-1.2602552953393769,-1.5704147782795275,necrosis_5.jpg,1
0.9209401709401709,0.4851784550150998,0.9345400216379591,0.674479941301287,0.5864783576978996,0.7625533569080688,2.757695952050746,3.383728488385584,44.925893731906214,4.975025465246354,144.6177118400601,48.63079607077735,113.17341308719641,35.349886709467455,111.94511274318421,35.70478456090675,106.295806292403,6.448258446902532,156.84913554964604,6.3730565911967405,82.82347828008633,36.318976460494234,113.12448527082674,35.38724027063319,54.00912700458928,37.2358490982995,45.124074087251046,13.221110048463085,145.8543657542142,47.36637064764397,101.59510306894269,22.382180818385365,100.65374243081894,23.40690908869204,107.52442417299359,8.205219832249684,155.63260920611654,8.216739632109277,72.9310217238165,24.43049927174675,101.1414929876118,22.836805403188187,45.421376576986844,27.58544901017931,0.003528519126930925,0.009517425286001576,0.00832406391113141,0.12503038651648976,0.46993392313868776,0.2707015049612894,0.05141030268653638,0.0199998526714352,0.027454678050253773,0.014099343651243821,0.03275113995477013,5.051167011260986,0.03275113995477013,222.0,0.21740562571335242,0.2356877396244245,0.034055088695503666,17.362044790864033,-20.126560130576365,-3.388016406146221,necrosis_6.jpg,1
1.0590809628008753,0.04889621819118351,0.5018538682152337,0.3188192849521674,0.5568861548786845,0.5332721793088941,2.2832190113289395,1.7380335300554715,32.482534116406526,4.793419868971513,144.5914613960446,44.430668195924625,161.7568631297588,52.17355204083362,160.5016736350372,50.82788333982815,113.83855858948736,6.294330688595357,168.79234664476024,8.01281112209954,152.50236025453967,52.92117982891281,159.26532939344523,52.07262793983421,77.78750352505548,43.69289775842344,30.415471314322552,35.298241325586424,137.79854723702712,34.14575776774836,162.33149005463144,38.90359764627314,145.66759293737113,39.47040209998336,130.01436090100205,18.125595604758853,161.50761672400282,11.666675302193092,157.9146071037553,39.88959178970473,134.08143031017102,45.274005367671556,78.04665069775972,34.06535487176028,0.016209124682745008,0.03536090437597322,0.05089567061881583,0.20545862504444634,0.32597260878627743,0.21147880675339326,0.06445640579212594,0.026140585343125834,0.021640775389595263,0.04238649321350188,0.09927782341617725,5.156046390533447,0.09927782341617725,1414.0,0.2563519421041221,0.19831029056447202,0.5467257256867835,8.678832882849179,4.335111431724414,-7.876330876473304,scorch_1.jpg,2
1.0925925925925926,0.3569617710889342,0.8629697543839676,0.6797916906875745,0.5625635647999391,0.7850631954367817,3.64745153092503,3.917787390466393,44.597385385802326,5.236885381968207,103.4208657951286,54.83317387493492,159.81612503194904,45.71404353536424,158.3030566941507,45.236852282662824,108.28722890653843,5.654995510869009,154.45782254323768,7.260700548183055,132.11577382924543,46.41981789512729,159.7447674583716,45.75552587082142,102.85790016755493,47.991143181061325,54.044695037365194,31.459147467705613,81.39413791560388,44.73606508625421,169.3667158902761,30.418865044148014,167.653125699199,29.730791312740184,112.56596411151385,10.774029075697387,149.63869870676155,13.618494536729205,145.59747617129815,34.13324309567697,166.75339866648767,29.935797583679232,120.52751599767306,45.32094912220897,0.012590285600689153,0.029752832814260156,0.03685261792743073,0.167517063150222,0.3439609227827371,0.23929115745430105,0.07255033747645238,0.030169353540899495,0.02877779565871806,0.03853763359428988,0.06463644367030491,4.573501110076904,0.06463644367030491,1062.0,0.18516079217184808,0.18650861453536474,0.05457555824047966,3.1870361702253263,-35.614493021085224,15.160098908470587,scorch_2.jpg,2
1.028322440087146,0.28548371510766335,0.8539823157104709,0.5882283704442229,0.7365569976834618,0.7493659320275791,2.6278869737823047,3.076110018309111,38.73312799848063,5.001336669950202,135.89442045201193,47.208376925272596,144.46951768329438,44.888443456705126,143.65370800062757,44.101433055507144,108.70530044672716,6.711385460100256,162.53401649835263,7.994152435343029,122.3945732145364,43.88045459970047,144.17080501721674,45.08134412449863,73.06834677918796,40.690794337020286,43.457499147860645,32.886652035781296,117.42015293489655,51.024813407153246,130.80272170093446,42.20828185139579,129.52979272112213,43.216990236210215,113.96383713526828,11.667702108789358,156.33532487410847,14.538466211017132,113.71527612530629,38.158174365068454,127.7726813770572,44.49130356737215,70.9420159366137,34.72188128331136,0.018851721262066176,0.03586203479682584,0.05129517848443061,0.1867088346283742,0.3038818196081022,0.2171539928820921,0.07812358075357341,0.03288110121136553,0.02907442425043145,0.046167312122738495,0.07860251191134819,4.074447154998779,0.07860251191134819,1655.0,0.22870479766861473,0.19413533227305577,0.22115749464599233,7.189450117821806,-2.202419354088363,-6.722990485511616,scorch_3.jpg,2
1.1770334928229664,0.23632721163337272,0.789228426362833,0.5884194966351577,0.7599099132388344,0.6505619715654578,1.9960210761812196,2.595856346745075,48.5422968818259,5.76953948381502,119.14079178378022,39.662825017806234,147.80116385456765,38.91312322707338,144.63022889689336,37.62343408588187,102.30896547176499,6.232507267201523,157.8586477196858,7.144331762263184,107.80019947082533,35.461503220498884,147.77195209403155,38.95947256389643,82.67515104557332,35.03379803426035,51.37925337543643,26.671132678282603,107.30272720613968,42.698657442120776,143.45061160710654,23.807117103393,141.45939303182962,23.510153836970957,105.90931286775776,11.206387380609607,154.81821881129295,11.161022451116672,108.79292440161792,26.48777362404627,142.279044216386,24.52797960608704,84.74476898911885,30.53041055679854,0.010929682412772727,0.02552732008473389,0.03494860741339092,0.17557553927184907,0.3486618145251028,0.24679156947272113,0.06919659415929641,0.026137272195250617,0.025939449889137083,0.036292150575745336,0.06258603209666917,4.430099964141846,0.06258603209666917,1069.0,0.26545795670258654,0.2063456127301545,0.012630927868612307,0.8820717501201045,-26.227689053547095,3.6067428728577795,scorch_4.jpg,2
0.7923076923076923,0.07688905081451795,0.574981097202386,0.3691477885652643,0.7721929758899284,0.5607638397562608,1.9121082561390623,1.9946881794685727,34.01880928355197,4.995954912157776,131.28557013118063,50.22076614130104,165.6615943491423,44.90725853470521,164.88450050454088,43.81006063270768,112.43334006054491,6.9914309988084336,165.6323713420787,7.17501730923603,152.55093844601413,45.6697324138871,164.11733602421796,45.31172751084711,87.67848637739657,46.34819757112889,47.87842796446505,57.35745912874614,114.8609056065603,52.52431622627841,148.87679383189231,36.8630337723409,134.14518525121073,42.53184344971291,132.2299150251062,16.91441521716148,150.28922660962058,15.355102891952031,143.8929643164869,36.15674549296466,122.20919868080934,47.77592502667668,87.60165047389845,44.251920770217275,0.017901109989909184,0.036286579212916246,0.053218970736629664,0.21063572149344098,0.30494450050454086,0.216226034308779,0.06692230070635721,0.026700302724520685,0.022199798183652877,0.04496468213925328,0.09416750756811301,5.263715744018555,0.09416750756811301,832.0,0.17275401891464942,0.17901195663406502,0.6319487773717206,0.7715954897119275,-20.798855187117695,-6.580313369462857,scorch_5.jpg,2
0.7262872628726287,0.13239407413235754,0.7233994882988104,0.5060621688306435,0.822920356892046,0.6497268732866481,1.7942173174193357,3.8572258318436714,29.762017149163768,3.1292892997559116,157.9842601239494,36.89790523364946,187.83543594532642,32.21740949512368,184.33087698446388,30.97179544498614,114.5376347737499,6.035169209147107,180.4887002292215,6.43118071634398,182.98035486883435,32.828781244711614,182.4584939298752,33.18133163344563,75.32771882163172,34.848461606255604,20.536459106265223,9.220434922475198,126.03082415999582,52.848117152787694,190.6104859759238,20.367738234836544,175.61643955199776,26.220253768607996,128.1843513482842,13.634655935716642,165.6762546594153,18.37766240489023,188.56931725925992,20.71780677848416,165.80516442170872,33.0342658595271,97.60616483199917,41.345945588752386,0.008710416843535105,0.02307496391883861,0.030545886747601662,0.1933610663044401,0.4032260803124204,0.2265557347822396,0.05044570846421598,0.01798115289922744,0.017471771797266323,0.02862721793021479,0.08647593174293233,6.149971961975098,0.08647593174293233,811.0,0.19262818829115214,0.17609668303193673,0.48587116880395975,2.4031544069812867,-2.1141752042597375,-0.19816258118876817,scorch_6.jpg,2
